{"cameraMode":{"drawMode":0,"name":"Shaded","section":"Shading Mode"},"sceneLighting":true,"audioPlay":false,"sceneViewState":{"m_AlwaysRefresh":false,"showFog":true,"showSkybox":true,"showFlares":true,"showImageEffects":true,"showParticleSystems":true,"showVisualEffectGraphs":true,"m_FxEnabled":true},"in2DMode":false,"pivot":{"x":15.937987327575684,"y":2.826516628265381,"z":7.088806629180908},"rotation":{"x":-0.20177070796489716,"y":-0.19336363673210145,"z":0.040672846138477328,"w":-0.9593028426170349},"size":1.1489124298095704,"orthographic":false}