{"cameraMode":{"drawMode":0,"name":"Shaded","section":"Shading Mode"},"sceneLighting":true,"audioPlay":false,"sceneViewState":{"m_AlwaysRefresh":false,"showFog":true,"showSkybox":true,"showFlares":true,"showImageEffects":true,"showParticleSystems":true,"showVisualEffectGraphs":true,"m_FxEnabled":true},"in2DMode":false,"pivot":{"x":2.0710577964782717,"y":-31.616252899169923,"z":43.50853729248047},"rotation":{"x":-0.19701066613197328,"y":-0.009390845894813538,"z":0.0019300892017781735,"w":-0.9803869724273682},"size":45.8178825378418,"orthographic":false}