{"cameraMode":{"drawMode":0,"name":"Shaded","section":"Shading Mode"},"sceneLighting":true,"audioPlay":false,"sceneViewState":{"m_AlwaysRefresh":false,"showFog":true,"showSkybox":true,"showFlares":true,"showImageEffects":true,"showParticleSystems":true,"showVisualEffectGraphs":true,"m_FxEnabled":true},"in2DMode":false,"pivot":{"x":-2.536341905593872,"y":0.6324964761734009,"z":-1.1227309703826905},"rotation":{"x":-0.039239585399627689,"y":0.9583384990692139,"z":-0.23179060220718385,"w":-0.16223622858524323},"size":1.5601813793182374,"orthographic":false}