{"cameraMode":{"drawMode":0,"name":"Shaded","section":"Shading Mode"},"sceneLighting":true,"audioPlay":false,"sceneViewState":{"m_AlwaysRefresh":false,"showFog":true,"showSkybox":true,"showFlares":true,"showImageEffects":true,"showParticleSystems":true,"showVisualEffectGraphs":true,"m_FxEnabled":true},"in2DMode":false,"pivot":{"x":-2.8270716667175295,"y":0.4111604392528534,"z":-4.163506031036377},"rotation":{"x":-0.002336760750040412,"y":0.9926601052284241,"z":-0.12000724673271179,"w":-0.019055582582950593},"size":4.651491641998291,"orthographic":false}