{"cameraMode":{"drawMode":0,"name":"Shaded","section":"Shading Mode"},"sceneLighting":true,"audioPlay":false,"sceneViewState":{"m_AlwaysRefresh":false,"showFog":true,"showSkybox":true,"showFlares":true,"showImageEffects":true,"showParticleSystems":true,"showVisualEffectGraphs":true,"m_FxEnabled":true},"in2DMode":false,"pivot":{"x":-2.4436891078948976,"y":2.0936248302459719,"z":-2.3701977729797365},"rotation":{"x":-0.2670486569404602,"y":-0.0037565308157354595,"z":0.0010556804481893778,"w":-0.9637510776519775},"size":1.406716227531433,"orthographic":false}