{"cameraMode":{"drawMode":0,"name":"Shaded","section":"Shading Mode"},"sceneLighting":true,"audioPlay":false,"sceneViewState":{"m_AlwaysRefresh":false,"showFog":true,"showSkybox":true,"showFlares":true,"showImageEffects":true,"showParticleSystems":true,"showVisualEffectGraphs":true,"m_FxEnabled":true},"in2DMode":false,"pivot":{"x":-2.8819501399993898,"y":1.4027187824249268,"z":-0.8888788223266602},"rotation":{"x":-0.0065911621786653999,"y":0.983439564704895,"z":-0.17774951457977296,"w":-0.03660477325320244},"size":2.8514914512634279,"orthographic":false}