{"cameraMode":{"drawMode":0,"name":"Shaded","section":"Shading Mode"},"sceneLighting":false,"audioPlay":false,"sceneViewState":{"m_AlwaysRefresh":false,"showFog":false,"showSkybox":false,"showFlares":false,"showImageEffects":false,"showParticleSystems":false,"showVisualEffectGraphs":true,"m_FxEnabled":true},"in2DMode":false,"pivot":{"x":-0.06935076415538788,"y":0.6024423837661743,"z":-1.6965911388397217},"rotation":{"x":-0.008869041688740254,"y":0.9746290445327759,"z":-0.22031036019325257,"w":-0.039200931787490848},"size":1.5098316669464112,"orthographic":false}