{"cameraMode":{"drawMode":0,"name":"Shaded","section":"Shading Mode"},"sceneLighting":false,"audioPlay":false,"sceneViewState":{"m_AlwaysRefresh":false,"showFog":true,"showSkybox":false,"showFlares":true,"showImageEffects":true,"showParticleSystems":true,"showVisualEffectGraphs":true,"m_FxEnabled":true},"in2DMode":false,"pivot":{"x":-0.0000019073486328125,"y":3.952456474304199,"z":-0.00000762939453125},"rotation":{"x":-0.025565553456544877,"y":0.46109265089035036,"z":-0.013278219848871231,"w":-0.8869446516036987},"size":15.365859031677246,"orthographic":false}