{"cameraMode":{"drawMode":0,"name":"Shaded","section":"Shading Mode"},"sceneLighting":false,"audioPlay":false,"sceneViewState":{"m_AlwaysRefresh":false,"showFog":true,"showSkybox":false,"showFlares":true,"showImageEffects":true,"showParticleSystems":true,"showVisualEffectGraphs":true,"m_FxEnabled":true},"in2DMode":false,"pivot":{"x":-0.0000019073486328125,"y":3.068012237548828,"z":-4.76837158203125e-7},"rotation":{"x":0.0047113001346588139,"y":0.796939492225647,"z":-0.006230094935745001,"w":0.6041004061698914},"size":7.9798903465271,"orthographic":false}